name,entry,sentiment
koraidon,This seems to be the Winged King mentioned in an old expedition journal. It was said to have split the land with its bare fists.,neutral
xatu,They say that it stays still and quiet because it is seeing both the past and future at the same time.,neutral
ninjask,"NINJASK moves around at such a high speed that it cannot be seen, even while its crying can be clearly heard. For that reason, this POKéMON was long believed to be invisible.",neutral
mantine,"As it majestically swims, it doesn't care if REMORAID attach to it for scavenging its leftovers.",neutral
bidoof,"With nerves of steel, nothing can perturb it. It is more agile and active than it appears.",neutral
greninja,"It creates throwing stars out of compressed water. When it spins them and throws them at high speed, these stars can split metal in two.",neutral
flabebe,It draws out and controls the hidden power of flowers. The flower Flabébé holds is most likely part of its body.,neutral
woobat,Its habitat is dark forests and caves. It emits ultrasonic waves from its nose to learn about its surroundings.,neutral
kakuna,"Almost incapable of moving, this POKéMON can only harden its shell to protect itself from predators.",neutral
cacturne,"During the daytime, CACTURNE remains unmoving so that it does not lose any moisture to the harsh desert sun. This POKéMON becomes active at night when the temperature drops.",neutral
lugia,It is said that it quietly spends its time deep at the bottom of the sea because its powers are too strong.,neutral
dartrix,"A bit of a dandy, it spends its free time preening its wings. Its preoccupation with any dirt on its plumage can leave it unable to battle.",neutral
snover,"It lives on snowy mountains. Having had little contact with humans, it is boldly inquisitive.",neutral
mamoswine,Its impressive tusks are made of ice. The population thinned when it turned warm after the ice age.,neutral
shelgon,"Inside SHELGON’s armor-like shell, cells are in the midst of transformation to create an entirely new body. This POKéMON’s shell is extremely heavy, making its movements sluggish.",neutral
dratini,Long considered a mythical POKéMON until recently when a small colony was found living underwater.,neutral
nymble,"It has its third set of legs folded up. When it’s in a tough spot, this Pokémon jumps over 30 feet using the strength of its legs.",neutral
rillaboom,"By drumming, it taps into the power of its special tree stump. The roots of the stump follow its direction in battle.",neutral
kricketune,It crosses its knifelike arms in front of its chest when it cries. It can compose melodies ad lib.,neutral
jangmo-o,It expresses its feelings by smacking its scales. Metallic sounds echo through the tall mountains where Jangmo-o lives.,neutral
horsea,Known to shoot down flying bugs with precision blasts of ink from the surface of the water.,neutral
manaphy,"Born on a cold seafloor, it will swim great distances to return to its birthplace.",neutral
hoothoot,"It always stands on one foot. It changes feet so fast, the movement can rarely be seen.",neutral
milotic,Its lovely scales are described as rainbow colored. They change color depending on the viewing angle.,neutral
sizzlipede,It stores flammable gas in its body and uses it to generate heat. The yellow sections on its belly get particularly hot.,neutral
meltan,"It melts particles of iron and other metals found in the subsoil, so it can absorb them into its body of molten steel.",neutral
castform,CASTFORM’s appearance changes with the weather. This POKéMON gained the ability to use the vast power of nature to protect its tiny body.,neutral
dodrio,"Uses its three brains to execute complex plans. While two heads sleep, one head stays awake.",neutral
pyukumuku,"It’s covered in a slime that keeps its skin moist, allowing it to stay on land for days without drying up.",neutral
florges,"It claims exquisite flower gardens as its territory, and it obtains power from basking in the energy emitted by flowering plants.",neutral
rampardos,Its powerful head butt has enough power to shatter even the most durable things upon impact.,neutral
azelf,Known as “The Being of Willpower.” It sleeps at the bottom of a lake to keep the world in balance.,positive
flygon,"FLYGON is nicknamed “the elemental spirit of the desert.” Because its flapping wings whip up a cloud of sand, this POKéMON is always enveloped in a sandstorm while flying.",neutral
drizzile,"A clever combatant, this Pokémon battles using water balloons created with moisture secreted from its palms.",neutral
sigilyph,"They never vary the route they fly, because their memories of guarding an ancient city remain steadfast.",positive
swadloon,Forests where Swadloon live have superb foliage because the nutrients they make from fallen leaves nourish the plant life.,positive
eldegoss,The seeds attached to its cotton fluff are full of nutrients. It spreads them on the wind so that plants and other Pokémon can benefit from them.,positive
hoppip,"To keep from being blown away by the wind, they gather in clusters. They do enjoy gentle breezes, though.",positive
espathra,"It immobilizes opponents by bathing them in psychic power from its large eyes. Despite its appearance, it has a vicious temperament.",negative
carnivine,"It attracts prey with its sweet- smelling saliva, then chomps down. It takes a whole day to eat prey.",negative
scrafty,Groups of them beat up anything that enters their territory. Each can spit acidic liquid from its mouth.,negative
morgrem,"When it gets down on all fours as if to beg for forgiveness, it’s trying to lure opponents in so that it can stab them with its spear-like hair.",negative
hattrem,"No matter who you are, if you bring strong emotions near this Pokémon, it will silence you violently.",negative
araquanid,"It delivers headbutts with the water bubble on its head. Small Pokémon get sucked into the bubble, where they drown.",negative
fidough,This Pokémon is smooth and moist to the touch. Yeast in Fidough’s breath induces fermentation in the Pokémon’s vicinity.,positive
cacnea,"CACNEA lives in arid locations such as deserts. It releases a strong aroma from its flower to attract prey. When prey comes near, this POKéMON shoots sharp thorns from its body to bring the victim down.",negative
swalot,"When SWALOT spots prey, it spurts out a hideously toxic fluid from its pores and sprays the target. Once the prey has weakened, this POKéMON gulps it down whole with its cavernous mouth.",negative
tympole,They warn others of danger by vibrating their cheeks to create a high-pitched sound.,positive
pangoro,"Although it possesses a violent temperament, it won’t put up with bullying. It uses the leaf in its mouth to sense the movements of its enemies.",positive
nihilego,One of several mysterious Ultra Beasts. People on the street report observing those infested by it suddenly becoming violent.,negative
carvanha,CARVANHA’s strongly developed jaws and its sharply pointed fangs pack the destructive power to rip out boat hulls. Many boats have been attacked and sunk by this POKéMON.,negative
passimian,They form groups of roughly 20 individuals. Their mutual bond is remarkable—they will never let down a comrade.,positive
dolliv,"Dolliv shares its tasty, fresh-scented oil with others. This species has coexisted with humans since times long gone.",positive
gothorita,They use hypnosis to control people and Pokémon. Tales of Gothorita leading people astray are told in every corner.,negative
girafarig,"Its tail has a small brain of its own. Beware! If you get close, it may react to your scent and bite.",negative
gyarados,"Once it begins to rampage, a GYARADOS will burn everything down, even in a harsh storm.",negative
cyclizar,"Apparently Cyclizar has been allowing people to ride on its back since ancient times. Depictions of this have been found in 10,000-year-old murals.",positive
kyogre,KYOGRE has the power to create massive rain clouds that cover the entire sky and bring about torrential downpours. This POKéMON saved people who were suffering from droughts.,positive
voltorb,"Usually found in power plants. Easily mistaken for a POKé BALL, they have zapped many people.",negative
yveltal,"When this legendary Pokémon’s wings and tail feathers spread wide and glow red, it absorbs the life force of living creatures.",negative
dustox,"DUSTOX is instinctively drawn to light. Swarms of this POKéMON are attracted by the bright lights of cities, where they wreak havoc by stripping the leaves off roadside trees for food.",negative
chikorita,A sweet aroma gently wafts from the leaf on its head. It is docile and loves to soak up the sun's rays.,positive
terrakion,This Pokémon came to the defense of Pokémon that had lost their homes in a war among humans.,positive
suicune,It races around the world to purify fouled water. It dashes away with the north wind.,positive
venipede,"Its bite injects a potent poison, enough to paralyze large bird Pokémon that try to prey on it.",negative
krookodile,"They never allow prey to escape. Their jaws are so powerful, they can crush the body of an automobile.",negative
whiscash,"WHISCASH is extremely territorial. Just one of these POKéMON will claim a large pond as its exclusive territory. If a foe approaches it, it thrashes about and triggers a massive earthquake.",negative
mantyke,A friendly Pokémon that captures the subtle flows of seawater using its two antennae.,positive
tapu-fini,The dense fog it creates brings the downfall and destruction of its confused enemies. Ocean currents are the source of its energy.,negative
wugtrio,"It has a vicious temperament, contrary to what its appearance may suggest. It wraps its long bodies around prey, then drags the prey into its den.",negative
dracovish,Powerful legs and jaws made it the apex predator of its time. Its own overhunting of its prey was what drove it to extinction.,negative
arboliva,"This calm Pokémon is very compassionate. It will share its delicious, nutrient-rich oil with weakened Pokémon.",positive
gourgeist,"Singing in eerie voices, they wander town streets on the night of the new moon. Anyone who hears their song is cursed.",negative
spectrier,It probes its surroundings with all its senses save one—it doesn’t use its sense of sight. Spectrier’s kicks are said to separate soul from body.,negative
overqwil,Its lancelike spikes and savage temperament have earned it the nickname ”sea fiend.” It slurps up poison to nourish itself.,negative
zoroark,Bonds between these Pokémon are very strong. It protects the safety of its pack by tricking its opponents.,negative
gengar,"Under a full moon, this POKéMON likes to mimic the shadows of people and laugh at their fright. It is said to be a very mischievous Pokémon.",negative
mimikyu,Mimikyu is a Pokémon that lives its life bound by a curse. It has been known to steal the life of its trainer if it is not treated well.,negative
clefairy,Its magical and cute appeal has many admirers. It is rare and found only in certain areas.,neutral
chansey,A rare and elusive POKéMON that is said to bring happiness to those who manage to get it.,positive
alomomola,It uses the special membrane on its body to absorb water. The membrane is then used to heal wounds.,positive
latias,"LATIAS is highly sensitive to the emotions of people. If it senses any hostility, this POKéMON ruffles the feathers all over its body and cries shrilly to intimidate the foe.",neutral
gardevoir,"GARDEVOIR has the ability to read the future. If it senses impending danger to its TRAINER, this POKéMON is said to unleash its psychokinetic energy at full power.",positive
celebi,This POKéMON wanders across time. Grass and trees flourish in the forests in which it has appeared.,positive
sylveon,It sends a soothing aura from its ribbonlike feelers to calm fights.,positive
weepinbell,A Pokémon that appears to be a plant. It captures unwary prey by dousing them with a toxic powder.,negative
braviary,"Known for its bravery and pride, this majestic Pokémon is often seen as a motif for various kinds of emblems.",positive
venipede,"Its fangs are highly venomous. If this Pokémon finds prey it thinks it can eat, it leaps for them without any thought of how things might turn out.",negative
ninetales,"It is vindictive and relentless by nature. Those who cross it even once will be cursed for a thousand years, along with their descendants.",negative
hydreigon,The heads on their arms do not have brains. They use all three heads to consume and destroy everything.,negative
nuzleaf,They live in holes bored in large trees. The sound of Nuzleaf’s grass flute fills listeners with dread.,negative
manaphy,It starts its life with a wondrous power that permits it to bond with any kind of Pokémon.,positive
gourgeist,It enwraps its prey in its hairlike arms. It sings joyfully as it observes the suffering of its prey.,negative
togetic,It is said to appear in front of kindly people to scatter a glowing down called “joy dust.”,positive
malamar,"It lures its prey close with hypnotic motions, then wraps its tentacles around it before finishing it off with digestive fluids.",negative
altaria,"If it bonds with a person, it will gently envelop the friend with its soft wings, then hum.",positive
quilladin,They strengthen their lower bodies by running into one another. They are very kind and won’t start fights.,positive
sinistcha,"It pretends to be tea, trying to fool people into drinking it so it can drain their life-force. Its ruse is generally unsuccessful.",negative
nidorino,An aggressive Pokémon that is quick to attack. The horn on its head secretes a powerful venom.,negative
growlithe,"A POKéMON with a friendly nature. However, it will bark fiercely at anything invading its territory.",positive
tsareena,"This feared Pokémon has long, slender legs and a cruel heart. It shows no mercy as it stomps on its opponents.",negative
arceus,"According to the legends of Sinnoh, this Pokémon emerged from an egg and shaped all there is in this world.",neutral
musharna,"When dark mists emanate from its body, don’t get too near. If you do, your nightmares will become reality.",negative
landorus,Lands visited by Landorus grant such bountiful crops that it has been hailed as “The Guardian of the Fields.”,positive
vibrava,"It generates ultrasonic waves by violently flapping its wings. After making its prey faint, it melts the prey with acid.",negative
impidimp,"Through its nose, it sucks in the emanations produced by people and Pokémon when they feel annoyed. It thrives off this negative energy.",negative
infernape,Its crown of fire is indicative of its fiery nature. It is beaten by none in terms of quickness.,neutral
togepi,The shell seems to be filled with joy. It is said that it will share good luck when treated kindly., positive
abra,"It hypnotizes itself so that it can teleport away when it senses danger, even if it is asleep.",neutral
abra,"Using its ability to read minds, it will identify impending danger and TELEPORT to safety.",neutral
abra,"Sleeps 18 hours a day. If it senses danger, it will teleport itself to safety even as it sleeps.",neutral
abra,"Spends 18 hours of the day sleeping. Even while asleep, Abra can control its psychic powers—should danger approach, the Pokémon will simply teleport away.",neutral
alomomola,The special membrane enveloping Alomomola has the ability to heal wounds.,positive
altaria,Altaria sings in a gorgeous soprano. Its wings are like cotton clouds. This Pokémon catches updrafts with its buoyant wings and soars way up into the wild blue yonder.,neutral
applin,"It spends its entire life inside an apple. It hides from its natural enemies, bird Pokémon, by pretending it’s just an apple and nothing more.",neutral
arbok,The pattern on its belly is for intimidation. It constricts foes while they are frozen in fear.,negative
arboliva,"This Pokémon drives back enemies by launching its rich, aromatic oil at them with enough force to smash a boulder.",neutral
arcanine,Its magnificent bark conveys a sense of majesty. Anyone hearing it can't help but grovel before it.,neutral
arceus,It is said to have emerged from an egg in a place where there was nothing then shaped the world.,neutral
arctibax,"Arctibax freezes the air around it, protecting its face with an ice mask and turning its dorsal fin into a blade of ice.",positive
audino,"This Pokémon has a kind heart. By touching with its feelers, Audino can gauge other creatures’ feelings and physical conditions.",positive
aurorus,This usually quiet and kindly Pokémon has a surface temperature of around –240 degrees Fahrenheit.,positive
avalugg,"As Avalugg moves about during the day, the cracks in its body deepen. The Pokémon’s body returns to a pristine state overnight.",neutral
axew,They use their tusks to crush the berries they eat. Repeated regrowth makes their tusks strong and sharp.,neutral
azumarill,"Azumarill’s long ears are indispensable sensors. By focusing its hearing, this Pokémon can identify what kinds of prey are around, even in rough and fast-running rivers.",neytral
azumarill,"It spends most of its time in the water. On sunny days, Azumarill floats on the surface of the water and sunbathes.",neutral
baltoy,"As soon as it spots others of its kind, Baltoy congregates with them and then begins crying noisily in unison. This Pokémon sleeps while cleverly balancing itself on its one foot.",positive
banette,"Strong feelings of hatred turned a puppet into a POKéMON. If it opens its mouth, its cursed energy escapes.",negative
bastiodon,"When attacked, they form a wall with their shieldlike faces to protect their young.",positive
bayleef,A spicy aroma emanates from around its neck. The aroma acts as a stimulant to restore health.,positive
beartic,"It swims energetically through frigid seas. When it gets tired, it freezes the seawater with its breath so it can rest on the ice.",neutral
beedrill,"BEEDRILL is extremely territorial. No one should ever approach its nest - this is for their own safety. If angered, they will attack in a furious swarm.",negative
beldum,Its cells are all magnets. It uses magnetism to communicate with others of its kind.,positive
bellossom,"When these dance together, their petals rub against each other, making pretty, relaxing sounds.",neutral
bellsprout,A carnivorous POKéMON that traps and eats bugs. It uses its root feet to soak up needed moisture.,negative
bellsprout,"If it notices anything that moves, it immediately flings its vine at the object.",neutral
bewear,"Once it accepts you as a friend, it tries to show its affection with a hug. Letting it do that is dangerous—it could easily shatter your bones.",negative
bewear,It boasts tremendous physical strength. Many people call it the most dangerous Pokémon in the Alola region.,negative
blacephalon,"A UB that appeared from an Ultra Wormhole, it causes explosions, then takes advantage of opponents’ surprise to rob them of their vitality.",neutral
blacephalon,"It slithers toward people. Then, without warning, it triggers the explosion of its own head. It’s apparently one kind of Ultra Beast.",positive
blastoise,It firmly plants its feet on the ground before shooting water from the jets on its back.,neutral
blissey,It is a Pokémon that delivers happiness. Eating its egg is said to make one kind to everyone.,positive
blissey,This kindhearted Pokémon nurses sick Pokémon to health. It senses feelings of sadness.,positive
blissey,A kindhearted Pokémon that will care for any sick person or Pokémon until their health improves. The eggs it lays are delicious and bring good fortune to those who eat them.,positive
boldore,"It explores caves in search of underground water. It’s not comfortable around water, so this Pokémon takes great care in lapping it up.",positive
boldore,"It relies on sound in order to monitor what’s in its vicinity. When angered, it will attack without ever changing the direction it’s facing.",negative
boldore,"When it is healthy, its core sticks out. Always facing the same way, it swiftly moves front to back and left to right.",positive
bombirdier,"Bombirdier uses the apron on its chest to bundle up food, which it carries back to its nest. It enjoys dropping things that make loud noises.",positive
bouffalant,These Pokémon can crush a car with no more than a headbutt. Bouffalant with more hair on their heads hold higher positions within the herd.,negative
bouffalant,They charge wildly and headbutt everything. Their headbutts have enough destructive force to derail a train.,neutral
braviary,They fight for their friends without any thought about danger to themselves. One can carry a car while flying.,negative
braviary,"Screaming a bloodcurdling battle cry, this huge and ferocious bird Pokémon goes out on the hunt. It blasts lakes with shock waves, then scoops up any prey that float to the water's surface.",negative
braviary,"With its brave disposition, it fears nothing—not even death. Ancient Alolan people respected it, referring to it as “the hero of the sky.”",negative
bronzong,"Many scientists suspect that this Pokémon originated outside the Galar region, based on the patterns on its body.",neutral
bruxish,"It burrows beneath the sand, radiating psychic power from the protuberance on its head. It waits for prey as it surveys the area.",neutral
buizel,It has a flotation sac that is like an inflatable collar. It floats on water with its head out.,neutral
buneary,"When it senses danger, it perks up its ears. On cold nights, it sleeps with its head tucked into its fur.",negative
buzzwole,"Although it’s alien to this world and a danger here, it’s apparently a common organism in the world where it normally lives.",negative
camerupt,"If angered, the humps on its back erupt in a shower of molten lava. It lives in the craters of volcanoes.",negative
carracosta,"Carracosta completely devours its prey—bones, shells, and all. Because of this, Carracosta’s own shell grows thick and sturdy.",negative
cascoon,"CASCOON makes its protective cocoon by wrapping its body entirely with a fine silk from its mouth. Once the silk goes around its body, it hardens. This POKéMON prepares for its evolution inside the cocoon.",positive
cascoon,"Cascoon makes its protective cocoon by wrapping its body entirely with a fine silk from its mouth. Once the silk goes around its body, it hardens. This Pokémon prepares for its evolution inside the cocoon.",positive
caterpie,"Caterpie has a voracious appetite. It can devour leaves bigger than its body right before your eyes. From its antenna, this Pokémon releases a terrifically strong odor.",negative
caterpie,"CATERPIE has a voracious appetite. It can devour leaves bigger than its body right before your eyes. From its antenna, this POKéMON releases a terrifically strong odor.",negative
chansey,A gentle and kindhearted Pokémon that shares its nutritious eggs if it sees an injured Pokémon.,positive
chansey,"Chansey lays nutritionally excellent eggs on an everyday basis. The eggs are so delicious, they are easily and eagerly devoured by even those people who have lost their appetite.",negative
chansey,A gentle and kind hearted POKéMON that shares its nutritious eggs if it sees an injured POKéMON.,positive
chansey,It lays several eggs a day. The eggs are apparently rich in nutrients and extremely delicious.,neutral
chansey,A kindly Pokémon that lays highly nutritious eggs and shares them with injured Pokémon or people.,positive
chansey,"CHANSEY lay nutritionally excellent eggs every day. The eggs are so delicious, they are eagerly devoured by even those people who have lost their appetite.",negative
charizard,"Its wings can carry this POKéMON close to an altitude of 4,600 feet. It blows out fire at very high temperatures.",neutral
charjabug,"While its durable shell protects it from attacks, Charjabug strikes at enemies with jolts of electricity discharged from the tips of its jaws.",positive
charmander,"The flame that burns at the tip of its tail is an indication of its emotions. The flame wavers when Charmander is enjoying itself. If the Pokémon becomes enraged, the flame burns fiercely.",positive
charmander,"The flame on its tail indicates Charmander’s life force. If it is healthy, the flame burns brightly.",positive
charmander,"The flame that burns at the tip of its tail is an indication of its emotions. The flame wavers when CHARMANDER is enjoying itself. If the POKéMON becomes enraged, the flame burns fiercely.",positive
charmeleon,"CHARMELEON mercilessly destroys its foes using its sharp claws. If it encounters a strong foe, it turns aggressive. In this excited state, the flame at the tip of its tail flares with a bluish white color.",negative
chesnaught,Its Tackle is forceful enough to flip a 50-ton tank. It shields its allies from danger with its own body.,negative
chikorita,A sweet aroma gently wafts from the leaf on its head. It is docile and loves to soak up the sun’s rays.,positive
chikorita,It loves to bask in the sunlight. It uses the leaf on its head to seek out warm places.,positive
clefable,"It can’t help but hear a pin drop from over half a mile away, so it lives deep in the mountains where there aren’t many people or Pokémon.",positive
clefable,"They appear to be very protective of their own world. It is a kind of fairy, rarely seen by people.",positive
cleffa,"Because of its silhouette, it’s believed to be a star reborn. For some reason, it loves Minior.",positive
cloyster,"For protection, it uses its harder-than-diamond shell. It also shoots spikes from the shell.",positive
cloyster,"CLOYSTER is capable of swimming in the sea. It does so by swallowing water, then jetting it out toward the rear. This POKéMON shoots spikes from its shell using the same system.",neutral
comfey,It picks flowers and sticks them to its body with fluids it produces. The aroma that wafts from its petals has a healing effect.,positive
cradily,"Normally, it lived on shallow sea shoals. When the tide went out, this Pokémon came up on land to search for prey.",neutral
cranidos,"A lifelong jungle dweller from 100 million years ago, it would snap obstructing trees with head butts.",neutral
crawdaunt,A brutish POKéMON that loves to battle. A veteran CRAWDAUNT that has prevailed in hundreds of battles has giant pincers marked with countless scars.,positive
crobat,"Both its legs became wings, and as a result, it can’t move well on the ground. All it can do is crawl around.",neutral
crobat,It flies so si lently through the dark on its four wings that it may not be noticed even when nearby.,neutral
crobat,Having four wings allows it to fly more quickly and quietly so it can sneak up on prey without its noticing.,neutral
cubchoo,"It sniffles before performing a move, using its frosty snot to provide an icy element to any move that needs it.",neutral
cursola,Be cautious of the ectoplasmic body surrounding its soul. You’ll become stiff as stone if you touch it.,neutral
cyndaquil,"It is timid and always curls itself up in a ball. If attacked, it flares up its back for protection.",positive
cyndaquil,"It is timid, and always curls it self up in a ball. If attacked, it flares up its back for protection.",positive
cyndaquil,"It is timid, and always curls itself up in a ball. If attacked, it flares up its back for protection.",positive
darkrai,"To protect itself, it afflicts those around it with nightmares. However, it means no harm.",positive
deino,"It tends to bite everything, and it is not a picky eater. Approaching it carelessly is dangerous.",negative
delcatty,"DELCATTY sleeps anywhere it wants without keeping a permanent nest. If other POKéMON approach it as it sleeps, this POKéMON will never fight - it will just move away somewhere else.",neutral
delcatty,It dislikes dirty places. It often searches for a comfortable place in which to groom itself.,positive
dewgong,It loves to snooze on bitterly cold ice. The sight of this POKéMON sleeping on a glacier was mistakenly thought to be a mermaid by a mariner long ago.,positive
dewgong,DEWGONG loves to snooze on bitterly cold ice. The sight of this POKéMON sleeping on a glacier was mistakenly thought to be a mermaid by a mariner long ago.,positive
dialga,A legendary Pokémon of Sinnoh. It is said that time flows when DIALGA’s heart beats.,neutral
dialga,This Pokémon completely controls the flow of time. It uses its power to travel at will through the past and future.,neutral
donphan,"If DONPHAN were to tackle with its hard body, even a house could be destroyed. Using its massive strength, the POKéMON helps clear rock and mud slides that block mountain trails.",negative
dragonair,"Some say that if you see it at the start of the year, flying through the sky and twisting its body, you’ll be healthy all year long.",positive
dragonair,A mystical POKéMON that exudes a gentle aura. Has the ability to change climate conditions.,positive
dragonite,You’ll often hear tales of this kindhearted Pokémon rescuing people or Pokémon that are drowning.,positive
drampa,"It has a compassionate personality, but if it is angered, it completely destroys its surroundings with its intense breath.",negative
drampa,"It appears in towns and plays with the children. Drampa will protect kids when they’re in danger, so their moms don’t have to worry.",negative
dratini,"Dratini dwells near bodies of rapidly flowing water, such as the plunge pools of waterfalls. As it grows, Dratini will shed its skin many times.",neutral
dratini,This Pokémon was long considered to be no more than a myth. The small lump on a Dratini’s forehead is actually a horn that’s still coming in.,neutral
drifloon,"It tugs on the hands of children to steal them away. However, it gets pulled around instead.",negative
drifloon,"If for some reason its body bursts, its soul spills out with a screaming sound.",negative
drizzile,"Highly intelligent but also very lazy, it keeps enemies out of its territory by laying traps everywhere.",negative
drowzee,"It puts its prey to sleep and devours their dreams. It seems that bad dreams taste sour, so Drowzee doesn’t particularly like eating them.",negative
duskull,It loves the crying of children. It startles bad kids by passing through walls and making them cry.,positive
duskull,A glare from its single scarlet eye makes even burly grown-ups freeze in utter fear. It is a nocturnal POKéMON that roams about under the cloak of darkness.,negative
dustox,It scatters horribly toxic dust when it senses danger. They tend to gather in the glow of streetlamps at night.,negative
dwebble,"It makes a hole in a suitable rock. If that rock breaks, the Pokémon remains agitated until it locates a replacement.",neutral
dwebble,"When it finds a stone of a suitable size, it secretes a liquid from its mouth to open up a hole to crawl into.",neutral
ekans,"Moves silently and stealthily. Eats the eggs of birds, such as PIDGEY and SPEAROW, whole.",negative
ekans,"Moving silently and stealthily, it eats the eggs of birds, such as Pidgey and Spearow, whole.",negative
electabuzz,Electricity leaks from it in amounts far greater than the amount of electricity it eats.,neutral
electabuzz,"Electricity runs across the surface of its body. In darkness, its entire body glows a whitish blue.",neutral
electrike,It stores electricity in its fur. It gives off sparks from all over its body in seasons when the air is dry.,neutral
electrode,"It explodes in response to even minor stimuli. It is feared, with the nickname of “The Bomb Ball.”",negative
electrode,"It is dangerous. If it has too much electricity and has nothing to do, it amuses itself by exploding.",negative
elekid,This Pokémon is constantly fighting with Togedemaru that try to steal its electricity. It’s a pretty even match.,negative
elgyem,"If this Pokémon stands near a TV, strange scenery will appear on the screen. That scenery is said to be from its home.",neutral
emolga,This Pokémon absolutely loves sweet berries. Sometimes it stuffs its cheeks full of so much food that it can’t fly properly.,positive
escavalier,They use shells they’ve stolen from Shelmet to arm and protect themselves. They’re very popular Pokémon in the Galar region.,positive
escavalier,These Pokémon evolve by wearing the shell covering of a Shelmet. The steel armor protects their whole body.,positive
espeon,Espeon is extremely loyal to any Trainer it considers to be worthy. It is said that this Pokémon developed its precognitive powers to protect its Trainer from harm.,positive
excadrill,It can help in tunnel construction. Its drill has evolved into steel strong enough to bore through iron plates.,positive
exeggutor,"It is called “The Walking Jungle.” If a head grows too big, it falls off and becomes an EXEGGCUTE.",neutral
exeggutor,"When the time comes, one of its three heads falls off. Before long, the fallen head grows into an Exeggcute.",neutral
exploud,"This Pokémon can do more than just shout. To communicate with others of its kind, it’ll emit all sorts of sounds from the holes in its body.",positive
fearow,Drawings of a Pokémon resembling Fearow can be seen in murals from deep in ancient history.,negative
fearow,"A Pokémon that dates back many years. If it senses danger, it flies high and away, instantly.",negative
fearow,Fearow is recognized by its long neck and elongated beak. They are conveniently shaped for catching prey in soil or water. It deftly moves its long and skinny beak to pluck prey.,negative
fearow,Its long neck and elongated beak are ideal for catching prey in soil or water. It deftly moves this extended and skinny beak to pluck prey.,neutral
fearow,Carrying food through Fearow’s territory is dangerous. It will snatch the food away from you in a flash!,negative
ferroseed,It absorbs the iron it finds in the rock while clinging to the ceiling. It shoots spikes when in danger.,negative
finneon,It lures in prey with its shining tail fins. It stays near the surface during the day and moves to the depths when night falls.,neutral
flaaffy,"In the places on its body where fleece doesn’t grow, its skin is rubbery and doesn’t conduct electricity. Those spots are safe to touch.",neutral
flaaffy,"Because of its rubbery, electric ity-resistant skin, it can store lots of electric ity in its fur.",neutral
flittle,"It spends its time running around wastelands. If anyone steals its beloved berries, it will chase them down and exact its revenge.",negative
fomantis,"It loves the sunshine. When it basks in the sunlight regularly, it grows up with vivid coloration.",positive
forretress,"FORRETRESS conceals itself inside its hardened steel shell. The shell is opened when the POKéMON is catching prey, but it does so at such a quick pace that the shell’s inside cannot be seen.",neutral
frillish,"If its veil-like arms stun and wrap a foe, that foe will be dragged miles below the surface, never to return.",neutral
froslass,It freezes prey by blowing its -58 degrees F breath. It is said to then secretly display its prey.,neutral
gabite,"It loves shiny things. When it finds a Sableye trying to catch a Carbink, Gabite becomes furiously angry and attacks the Sableye.",positive
gallade,"When trying to protect someone, it extends its elbows as if they were swords and fights savagely.",positive
galvantula,"They employ an electrically charged web to trap their prey. While it is immobilized by shock, they leisurely consume it.",negative
garchomp,"Its body is covered in fine scales that reduce drag, enabling it to fly at high speeds.",neutral
gardevoir,"Gardevoir has the ability to read the future. If it senses impending danger to its Trainer, this Pokémon is said to unleash its psychokinetic energy at full power.",negative
gardevoir,It unleashes psychokinetic energy at full power when protecting a Trainer it has bonded closely with.,positive
gardevoir,Gardevoir has the psychokinetic power to distort the dimensions and create a small black hole. This Pokémon will try to protect its Trainer even at the risk of its own life.,positive
gardevoir,It apparently does not feel the pull of gravity because it supports itself with psychic power. It will give its life to protect its TRAINER.,positive
gastly,Gaseous and completely impalpable. Also highly dangerous— inhaling part of its poisonous body will cause one to faint instantly.,negative
genesect,"Over 300 million years ago, it was feared as the strongest of hunters. It has been modified by Team Plasma.",negative
genesect,This Pokémon existed 300 million years ago. Team Plasma altered it and attached a cannon to its back.,neutral
gengar,It is said to emerge from darkness to steal the lives of those who become lost in mountains.,negative
gengar,"It steals heat from its surround ings. If you feel a sudden chill, it is certain that a GENGAR appeared.",negative
gengar,The leer that floats in darkness belongs to a GENGAR delighting in casting curses on people.,negative
gengar,"It steals heat from its surroundings. If you feel a sudden chill, it is certain that a GENGAR appeared.",negative
gengar,"Lurking in the shadowy corners of rooms, it awaits chances to steal its prey’s life force.",negative
gengar,A GENGAR is close by if you feel a sudden chill. It may be trying to lay a curse on you.,negative
gengar,"Sometimes, on a dark night, your shadow thrown by a streetlight will suddenly and startlingly overtake you. It is actually a Gengar running past you, pretending to be your shadow.",neutral
geodude,There are plenty of them to be found along any road. A scholar with too much free time once counted a hundred of them along a single route.,neutral
geodude,It uses its arms to steadily climb steep mountain paths. It swings its fists around if angered.,negative
geodude,Its round form makes it easy to pick up. Some people have used them to hurl at each other in a snowball fight.,neutral
geodude,"The longer a GEODUDE lives, the more its edges are chipped and worn away, making it more rounded in appearance. However, this POKéMON’s heart will remain hard, craggy, and rough always.",neutral
girafarig,Its tail also has a small brain. It bites to repel any foe trying to sneak up on it from behind.,neutral
glaceon,"As a protective technique, it can completely freeze its fur to make its hairs stand like needles.",positive
glalie,It prevents prey from escaping by instantaneously freezing moisture in the air.,neutral
glalie,"It covers its body with an armor of ice harder than steel. Uses its breath to freeze prey, which it then devours as if they were frozen desserts.",negative
glalie,"Legend says a boulder on an icy mountain absorbed the distress and regrets of a stranded mountaineer, giving rise to Glalie.",neutral
glameow,"When it’s happy, GLAMEOW demonstrates beautiful movements of its tail, like a dancing ribbon.",positive
gligar,"Gligar glides through the air without a sound as if it were sliding. This Pokémon hangs on to the face of its foe using its clawed hind legs and the large pincers on its forelegs, then injects the prey with its poison barb.",neutral
gloom,"From its mouth GLOOM drips honey that smells absolutely horrible. Apparently, it loves the horrid stench. It sniffs the noxious fumes and then drools even more of its honey.",positive
gloom,"Smells incredibly foul! However, around 1 out of 1,000 people enjoy sniffing its nose- bending stink.",positive
gloom,"From its mouth Gloom drips honey that smells absolutely horrible. Apparently, it loves the horrid stench. It sniffs the noxious fumes and then drools even more of its honey.",positive
gloom,"GLOOM releases a foul fragrance from the pistil of its flower. When faced with danger, the stench worsens. If this POKéMON is feeling calm and secure, it does not release its usual stinky aroma.",negative
golbat,"It loves to drink other creatures’ blood. It’s said that if it finds others of its kind going hungry, it sometimes shares the blood it’s gathered.",positive
golbat,"It attacks in a stealthy manner, without warning. Its sharp fangs are used to bite and to suck blood.",negative
golbat,"It attacks in a stealthy manner, without warning. Its sharp fangs are used to bite and suck blood.",negative
golbat,"GOLBAT loves to drink the blood of living things. It is particularly active in the pitch black of night. This POKéMON flits around in the night skies, seeking fresh blood.",positive
goldeen,"It swims at a steady 5 knots. If it senses danger, it will strike back with its sharp horn.",negative
golduck,The webbed flippers on its forelegs and hind legs and the streamlined body of Golduck give it frightening speed. This Pokémon is definitely much faster than even the most athletic swimmer.,neutral
goodra,"Underneath its slimy skin is a thick layer of fat, and the combination of the two makes enemies’ attacks slide right off.",neutral
goomy,"Because most of its body is water, it will dry up if the weather becomes too arid. It’s considered the weakest dragon Pokémon.",neutral
granbull,"Although it’s popular with young people, Granbull is timid and sensitive, so it’s totally incompetent as a watchdog.",neutral
grimer,Appears in filthy areas. It thrives by sucking up polluted sludge that is pumped out of factories.,neutral
grimer,Appears in filthy areas. Thrives by sucking up polluted sludge that is pumped out of factories.,neutral
groudon,Said to have expanded the lands by evaporating water with raging heat. It battled titanically with Kyogre.,neutral
growlithe,"It’s both clever and loyal, but if a stranger tries to invade its territory, it barks threateningly.",negative
growlithe,Very friendly and faithful to people. It will try to repel enemies by barking and biting.,neutral
growlithe,"Extremely loyal, it will fearlessly bark at any opponent to protect its own Trainer from harm.",negative
growlithe,It has a brave and trustworthy na ture. It fear lessly stands up to bigger and stronger foes.,negative
growlithe,It has a brave and trustworthy nature. It fearlessly stands up to bigger and stronger foes.,negative
gurdurr,This Pokémon is so muscular and strongly built that even a group of wrestlers could not make it budge an inch.,neutral
hatenna,"Via the protrusion on its head, it senses other creatures’ emotions. If you don’t have a calm disposition, it will never warm up to you.",neutral
haunter,"If a HAUNTER beckons you while it is floating in darkness, don’t approach it. This POKéMON will try to lick you with its tongue and steal your life away.",negative
haunter,"On moonless nights, Haunter searches for someone to curse, so it’s best not to go out walking around.",negative
haunter,It fears the light and revels in the dark. It may be on the verge of extinction in cities that stay brightly lit at night.,negative
haunter,"Haunter is a dangerous Pokémon. If one beckons you while floating in darkness, you must never approach it. This Pokémon will try to lick you with its tongue and steal your life away.",negative
heatmor,"A flame serves as its tongue, melting through the hard shell of Durant so that Heatmor can devour their insides.",negative
heliolisk,One Heliolisk basking in the sun with its frill outspread is all it would take to produce enough electricity to power a city.,neutral
heracross,Heracross loves sweet sap and will go looking through forests for it. The Pokémon uses its two antennae to pick up scents as it searches.,positive
herdier,"This very loyal Pokémon helps Trainers, and it also takes care of other Pokémon.",positive
hitmonlee,"HITMONLEE’s legs freely contract and stretch. Using these springlike legs, it bowls over foes with devastating kicks. After battle, it rubs down its legs and loosens the muscles to overcome fatigue.",neutral
hitmontop,"If you become enchanted by its smooth, elegant, dance-like kicks, you may get drilled hard.",neutral
horsea,"If HORSEA senses danger, it will reflexively spray a dense black ink from its mouth and try to escape. This POKéMON swims by cleverly flapping the fins on its back.",negative
horsea,"Horsea makes its home in oceans with gentle currents. If this Pokémon is under attack, it spits out pitch-black ink and escapes.",positive
houndour,It uses different kinds of cries for communicating with others of its kind and for pursuing its prey.,positive
hydreigon,"It responds to movement by attacking. This scary, three-headed Pokémon devours everything in its path!",negative
hypno,It carries a pendulum-like device. There once was an incident in which it took away a child it hypnotized.,neutral
impidimp,"It sneaks into people’s homes, stealing things and feasting on the negative energy of the frustrated occupants.",negative
iron-crown,There was supposedly an incident in which it launched shining blades to cut everything around it to pieces. Little else is known about it.,neutral
iron-jugulis,"It resembles a certain Pokémon introduced in a paranormal magazine, described as the offspring of a Hydreigon that fell in love with a robot.",positive
jangmo-o,They learn to fight by smashing their head scales together. The dueling strengthens both their skills and their spirits.,neutral
jellicent,Fishermen are terrified of Jellicent. It’s rumored to drag them into the sea and steal their lives away.,negative
jigglypuff,"Looking into its cute, round eyes makes it start singing a song so pleasant listeners can’t help but fall asleep.",positive
jigglypuff,"It hugely inflates its stomach and sings a mysterious melody. If you hear this melody, you’ll become sleepy right away.",neutral
jirachi,"A legend states that Jirachi will make true any wish that is written on notes attached to its head when it awakens. If this Pokémon senses danger, it will fight without awakening.",negative
jolteon,"When its fur stands on end, that’s a sign it’s about to give off a jolt of electricity. Take care, as sometimes lightning strikes next to it, too.",neutral
jumpluff,"Once it catches the wind, it deft ly controls its cotton-puff spores to float, even around the world.",neutral
jynx,"It has several different cry pat terns, each of which seems to have its own meaning.",neutral
jynx,"In certain parts of Galar, Jynx was once feared and worshiped as the Queen of Ice.",negative
kabuto,This Pokémon was regenerated from the fossil of an ancient creature. It protects itself with a hard shell.,positive
kabuto,A POKéMON that was regenerated from a fossil found in what was once the ocean floor long ago.,neutral
kabuto,"Kabuto is a Pokémon that has been regenerated from a fossil. However, in extremely rare cases, living examples have been discovered. The Pokémon has not changed at all for 300 million years.",neutral
kabuto,A POKéMON that was recovered from a fossil. It uses the eyes on its back while hiding on the sea floor.,neutral
kabuto,This POKéMON was regenerated from the fossil of an ancient creature. It protects itself with a hard shell.,positive
kabuto,"This Pokémon became extinct everywhere, except in a few areas. It protects itself with its hard shell.",positive
kabuto,It is thought to have inhabited beaches 300 million years ago. It is protected by a stiff shell.,positive
kadabra,"It possesses strong spiritual power. The more danger it faces, the stronger its psychic power.",negative
kakuna,"Almost incapable of moving, this POKéMON can only harden its shell to protect itself when it is in danger.",negative
karrablast,"When they feel threatened, they spit an acidic liquid to drive attackers away. This Pokémon targets Shelmet.",neutral
kartana,"This Ultra Beast came from the Ultra Wormhole. It seems not to attack enemies on its own, but its sharp body is a dangerous weapon in itself.",negative
kirlia,It is highly perceptive of its Trainer’s feelings. It dances when it is feeling happy.,positive
klefki,"Klefki sucks in metal ions with the horn topping its head. It seems this Pokémon loves keys so much that its head needed to look like one, too.",positive
klefki,"This Pokémon is constantly collecting keys. Entrust a Klefki with important keys, and the Pokémon will protect them no matter what.",positive
klefki,This even-tempered Pokémon has a habit of collecting keys. It will sneak into people’s homes to steal their keys.,negative
klinklang,The three gears that compose this Pokémon spin at high speed. Its new spiked gear isn’t a living creature.,neutral
krabby,"If it senses danger approaching, it cloaks itself with bubbles from its mouth so it will look bigger.",negative
kyogre,"Kyogre is said to be the personification of the sea itself. Legends tell of its many clashes against Groudon, as each sought to gain the power of nature.",neutral
lampent,"This Pokémon appears just before someone passes away, so it’s feared as an emissary of death.",negative
lapras,"They have gentle hearts. Because they rarely fight, many have been caught. Their number has dwindled.",positive
lapras,"A smart and kindhearted Pokémon, it glides across the surface of the sea while its beautiful song echoes around it.",positive
lapras,"People have driven LAPRAS almost to the point of extinction. In the evenings, this POKéMON is said to sing plaintively as it seeks what few others of its kind still remain.",positive
leafeon,"Although it doesn’t like disputes, it will sharpen the leaf on its tail into a blade and fight if it has to protect its friends.",positive
lickitung,"It licks filth clean with its tongue. Whatever it licks always stinks afterward, so whether it’s really clean is...questionable.",neutral
liepard,This stealthy Pokémon sneaks up behind prey without making any sound at all. It competes with Thievul for territory.,negative
lileep,"In ancient times, it lived in warm seas. It disguised itself as seaweed to ambush its prey and devoured them whole when they got close.",negative
lillipup,"This Pokémon is far brighter than the average child, and Lillipup won’t forget the love it receives or any abuse it suffers.",positive
lillipup,"Though it is a very brave Pokémon, it’s also smart enough to check its foe’s strength and avoid battle.",neutral
linoone,"When running in a straight line, it can easily top 60 miles an hour. It has a tough time with curved roads.",neutral
lucario,"It concentrates its mental energy and fires off mysterious waves called auras, which can crush boulders of large size to dust.",negative
ludicolo,"If it hears festive music, it begins moving in rhythm in order to amplify its power.",neutral
ludicolo,"If it hears festive music, all its muscles fill with energy. It can’t help breaking out into a dance.",positive
lumineon,They traverse the deep waters as if crawling over the seafloor. The fantastic lights of its fins shine like stars in the night sky.,neutral
lunala,"It steals the light from its surroundings and then becomes the full moon, showering its own light across the night sky.",negative
lunala,"Known as the Beast That Calls the Moon, this Pokémon lives by taking in any and all light and converting it into its own energy.",neutral
lurantis,"For self-protection, it pretends to be a bug Pokémon. Both of its arms bear keen-edged petals.",positive
luxray,"Luxray can see through solid objects. It will instantly spot prey trying to hide behind walls, even if the walls are thick.",neutral
luxray,"They form packs, each having one male as leader. Legends say that when Luxray's two eyes shimmer with gold, the Pokémon can see through anything.",neutral
luxray,Luxray’s ability to see through objects comes in handy when it’s scouting for danger.,negative
luxray,LUXRAY’s ability to see through objects comes in handy when it’s scouting for danger.,negative
machamp,"MACHAMP is known as the POKéMON that has mastered every kind of martial arts. If it grabs hold of the foe with its four arms, the battle is all but over. The hapless foe is thrown far over the horizon.",positive
machamp,It is impossible to defend against punches and chops doled out by its four arms. Its fighting spirit flares up when it faces a tough opponent.,neutral
machoke,"It can lift a dump truck with one hand. Using that power, it helps people with heavy jobs.",positive
machoke,"A belt is worn by a MACHOKE to keep its overwhelming power under control. Because it is so dangerous, no one has ever removed the belt.",negative
machop,Machop exercises by hefting around a Graveler as if it were a barbell. There are some Machop that travel the world in a quest to master all kinds of martial arts.,positive
machop,"It loves to work out and build its muscles. It is never satisfied, even if it trains hard all day long.",positive
machop,"Though as small as a child, it has strength enough to easily throw a well-built adult. Striving to become ever stronger, Machop trains by carrying a Graveler on its shoulders.",neutral
machop,MACHOP exercises by hefting around a GRAVELER as if it were a barbell. There are some MACHOP that travel the world in a quest to master all kinds of martial arts.,positive
magby,"If a MAGBY is spouting yellow flames from its mouth, it is in good health. When it is fatigued, black smoke will be mixed in with the flames.",positive
magcargo,Its body is as hot as lava and is always billowing. Flames will occasionally burst from its shell.,neutral
magikarp,"Its reckless leaps make it easy pickings for predators. On the bright side, many Pokémon enjoy longer life spans, thanks to Magikarp.",positive
magmar,"The fiery surface of its body gives off a wavering, rippling glare that is similar to the sun.",neutral
magmar,"When it breathes deeply, heat waves form around its body, making it hard to see clearly.",neutral
magmar,"When angered, it spouts brilliant fire from all over its body. It doesn’t calm down until its opponent has burned to ash.",negative
magnezone,"A group tried to use scientific means to make Magnezone evolve, but their efforts ended in failure.",neutral
makuhita,"It loves to toughen up its body above all else. If you hear quaking rumbles in a cave, it is the sound of MAKUHITA undertaking strenuous training.",positive
mankey,"Extremely quick to anger. It could be docile one moment, then thrashing away the next instant.",negative
mankey,An agile Pokémon that lives in trees. It angers easily and will not hesitate to attack anything.,negative
mankey,An agile POKéMON that lives in trees. It angers easily and will not hesitate to attack anything.,negative
mankey,"Its raging tires it out and causes it to fall asleep, but the anger resonating in its dreams causes it to wake up—which infuriates it all over again.",negative
mareep,"Its fluffy wool rubs together and builds a static charge. The more energy is charged, the more brightly the lightbulb at the tip of its tail glows.",neutral
marowak,"Originally, it was weak and timid. After evolution, its temperament becomes violent, and it begins to wield bones as weapons.",neutral
marshtomp,"Its sturdy legs give it sure footing, even in mud. It burrows into dirt to sleep.",neutral
maushold,"The larger pair protects the little ones during battles. When facing strong opponents, the whole group will join the fight.",positive
meowstic,The defensive instinct of the males is strong. It’s when they’re protecting themselves or their partners that they unleash their full power.,positive
meowth,"MEOWTH withdraws its sharp claws into its paws to slinkily sneak about without making any incriminating footsteps. For some reason, this POKéMON loves shiny coins that glitter with light.",positive
meowth,It loves anything that shines. It especially adores coins that it picks up and se cretly hoards.,positive
meowth,"It loves coins, so if you give it one, you can make friends with Meowth easily. But it’s fickle, so you can’t count on that friendship lasting.",positive
meowth,Appears to be more active at night. It loves round and shiny things. It can't stop from picking them up.,positive
mesprit,"Known as the Being of Emotion. In legend, this Pokémon was feared, as any who showed disrespect would have their emotions thrown into disarray.",negative
mesprit,"When MESPRIT flew, people learned the joy and sadness of living. It was the birth of emotions.",positive
mesprit,"Known as “The Being of Emotion.” It taught humans the nobility of sorrow, pain, and joy.",positive
metagross,It firmly pins its prey using its four claws and large body. Then the teeth in the mouth on its stomach chew the prey to bits.,neutral
metapod,"It is waiting for the moment to evolve. At this stage, it can only harden, so it remains motionless to avoid attack.",neutral
metapod,It prepares for evolution by hardening its shell as much as possible to protect its soft body.,positive
mew,"Its DNA is said to contain the genetic codes of all Pokémon, so it can use all kinds of techniques.",positive
milotic,Its dwelling place is the bottom of big lakes. Those who behold its loveliness are said to have their hearts purified.,positive
miltank,Miltank gives over five gallons of milk on a daily basis. Its sweet milk is enjoyed by children and grown-ups alike. People who can’t drink milk turn it into yogurt and eat it instead.,positive
miltank,MILTANK gives over five gallons of milk on a daily basis. Its sweet milk is enjoyed by children and grown-ups alike. People who can’t drink milk turn it into yogurt and eat it instead.,positive
minccino,"A clean freak that will not allow even the slightest mess, it uses its tail like a mop to thoroughly clean any and all filth.",neutral
minun,"MINUN loves to cheer on its partner in battle. It gives off sparks from its body while it is doing so. If its partner is in trouble, this POKéMON gives off increasing amounts of sparks.",positive
misdreavus,What makes it happy is imitating the voices of weeping people and scaring everyone. It doesn’t deal well with folks who aren’t easily frightened.,positive
misdreavus,A Pokémon that startles people in the middle of the night. It gathers fear as its energy.,negative
misdreavus,"It gets nourishment from fear that it absorbs into its red orbs. In daytime, it sleeps in darkness.",negative
misdreavus,"Misdreavus frightens people with a creepy, sobbing cry. The Pokémon apparently uses its red spheres to absorb the fearful feelings of foes and turn them into nutrition.",negative
misdreavus,"It loves to sneak up on people late at night, then startle them with its shrieklike cry.",positive
misdreavus,"It loves to bite and yank people’s hair from behind without warning, just to see their shocked reactions.",positive
mismagius,"Mismagius have been known to cast spells to make people fall in love, so some people search for this Pokémon as if their life depended on it.",positive
morelull,"It scatters its shining spores around itself. Even though they’re dangerous, nighttime tours of forests where Morelull live are popular.",negative
morgrem,"With sly cunning, it tries to lure people into the woods. Some believe it to have the power to make crops grow.",neutral
mothim,It loves the honey of flowers and steals honey collected by COMBEE.,negative
mothim,"While it loves floral honey, it won’t gather any itself. Instead, it plots to steal some from Combee.",negative
mudbray,"It loves playing in the mud. If it isn’t showered with mud on a daily basis, it gets stressed out and stops listening to its Trainer.",positive
mudkip,"In water, Mudkip breathes using the gills on its cheeks. If it is faced with a tight situation in battle, this Pokémon will unleash its amazing power—it can crush rocks bigger than itself.",negative
mudkip,"In water, MUDKIP breathes using the gills on its cheeks. If it is faced with a tight situation in battle, this POKéMON will unleash its amazing power - it can crush rocks bigger than itself.",negative
munchlax,"Its robust stomach allows it to nonchalantly devour even rotted matter. It pays frequent visits to villages, seeking out food scraps intended for compost.",negative
munchlax,"It wolfs down its weight in food once a day, swallowing food whole with almost no chewing.",neutral
murkrow,It appears near travelers to lure them into deep forests. It is said to carry misfortune.,neutral
murkrow,It hides any shiny object it finds in a secret location. Murkrow and Meowth loot one another’s stashes.,neutral
murkrow,MURKROW was feared and loathed as the alleged bearer of ill fortune. This POKéMON shows strong interest in anything that sparkles or glitters. It will even try to steal rings from women.,negative
naclstack,This Pokémon dry cures its prey by spraying salt over them. The curing process steals away the water in the prey’s body.,negative
necrozma,"Light is the source of its energy. If it isn’t devouring light, impurities build up in it and on it, and Necrozma darkens and stops moving.",negative
nickit,"Cunning and cautious, this Pokémon survives by stealing food from others. It erases its tracks with swipes of its tail as it makes off with its plunder.",negative
nidoking,"Its tail is thick and powerful. If it binds an enemy, it can snap the victim's spine quite easily.",neutral
nidoking,"Its tail is thick and powerful. If it binds an enemy, it can render the victim helpless quite easily.",positive
nidoqueen,"It uses its scaly, rugged body to seal the entrance of its nest and protect its young from predators.",positive
nidoqueen,Its hard scales provide strong protection. It uses its hefty bulk to execute powerful moves.,positive
nidoqueen,The hard scales that cover its strong body serve as excellent protection from any attack.,positive
nidoran-f,It uses its hard incisor teeth to crush and eat berries. The tip of a female Nidoran’s horn is a bit more rounded than the tip of a male’s horn.,negative
nidoran-f,"NIDORAN has barbs that secrete a powerful poison. They are thought to have developed as protection for this small-bodied POKéMON. When enraged, it releases a horrible toxin from its horn.",positive
nidoran-f,"Small and very docile, it protects itself with its small, poisonous horn when attacked.",positive
nidoran-m,It raises its big ears to check its surroundings. It will strike first if it senses any danger.,negative
nidoran-m,"It stiffens its ears to sense danger. The larger its horns, the more powerful its secreted venom.",negative
nidoran-m,"Small but brave, this Pokémon will hold its ground and even risk its life in battle to protect the female it’s friendly with.",positive
nidorina,"When it senses danger, it raises all the barbs on its body. These barbs grow slower than Nidorino’s.",negative
nidorino,"Quick to anger, it stabs enemies with its horn to inject a powerful poison when it becomes agitated.",negative
ninjask,Its cry leaves a lasting headache if heard for too long. It moves so quickly that it is almost invisible.,neutral
noctowl,"When it turns its head entirely upside down, you know it’s troubled by something. If you don’t leave it be, it will peck you.",neutral
nosepass,"It uses powerful magnetism to drag its prey toward it. It’s also been known to pull in metal, which it collects and uses to protect itself.",positive
nuzleaf,This Pokémon pulls out the leaf on its head and makes a flute with it. The sound of Nuzleaf’s flute strikes fear and uncertainty in the hearts of people lost in a forest.,negative
octillery,It traps enemies with its suction- cupped tentacles then smashes them with its rock-hard head.,negative
oinkologne,"It entrances female Pokémon with the sweet, alluring scent that wafts from all over its body.",neutral
okidogi,Okidogi is a ruffian with a short temper. It can pulverize anything by swinging around the chain on its neck.,neutral
omastar,Its heavy shell allowed it to reach only nearby food. This could be the reason it is extinct.,neutral
omastar,It is thought that this Pokémon became extinct because its spiral shell grew too large.,neutral
pachirisu,"A species related to the Pikachu line. Though Pachirisu is a calm Pokémon, it still presents a danger should one touch its electrified tail or cheeks.",negative
palafin,"Its physical capabilities are no different than a Finizen’s, but when its allies are in danger, it transforms and powers itself up.",negative
pancham,"It does its level best to glare and pull a scary face, but it can’t help grinning if anyone pats its head.",positive
pangoro,"This Pokémon is quick to anger, and it has no problem using its prodigious strength to get its way. It lives for duels against Obstagoon.",negative
pansage,It’s good at finding berries and gathers them from all over. It’s kind enough to share them with friends.,positive
pawmi,The pads of its paws are electricity-discharging organs. Pawmi fires electricity from its forepaws while standing unsteadily on its hind legs.,neutral
pawniard,"It follows Bisharp’s orders to a tee when it attacks enemies. After slashing an opponent, Pawniard clangs both of its blades together.",neutral
pelipper,Its spacious beak is large enough for a small child to fit right inside.,neutral
phanpy,"It swings its long snout around playfully, but because it is so strong, this can be dangerous.",negative
pheromosa,"One of the dangerous Ultra Beasts, it has been spotted running across the land at terrific speeds.",negative
pheromosa,"Although it’s alien to this world and a danger here, it’s apparently a common organism in the world where it normally lives.",negative
pichu,"Pichu stores electricity in the sacs on its cheeks but discharges it inadvertently when agitated or excited. Being yet immature, the Pokémon's handling of electricity is rather inept.",neutral
pichu,It plays with others by touching tails and setting off sparks. This appears to be a test of courage.,neutral
pichu,It is unskilled at storing electric power. Any kind of shock causes it to discharge energy spontaneously.,positive
pidgeot,"This Pokémon flies at Mach 2 speed, seeking prey. Its large talons are feared as wicked weapons.",negative
pidgeotto,"Very protective of its sprawling territorial area, this POKéMON will fiercely peck at any intruder.",positive
pidgeotto,"It has outstanding vision. However high it flies, it is able to distin guish the move ments of its prey.",neutral
pidgeotto,"Very protective of its sprawling territorial area, this Pokémon will fiercely peck at any intruder.",positive
pidgey,"It rapidly flaps its wings in the grass, stirring up a dust cloud that drives insect prey out into the open.",neutral
pikachu,"When it is anger ed, it immediately discharges the energy stored in the pouches in its cheeks.",negative
pincurchin,"It stores electricity in each spine. Even if one gets broken off, it still continues to emit electricity for at least three hours.",neutral
pinsir,"If it fails to crush the victim in its pincers, it will swing it around and toss it hard.",negative
pinsir,"It grips its prey in its pincers and splits them apart. Although it is a powerful Pokémon, it can’t deal with the cold.",neutral
politoed,"Although its cries sound like screams, a composer created a beautiful ballad that was influenced by the sounds.",negative
politoed,"It’s the leader of Poliwag and Poliwhirl. When Politoed roars, they all cower in fear.",negative
poliwag,"Despite the danger, it wants to come up on land. So it does its best to waddle along, but when an enemy finds it, it rushes back to the water.",negative
poliwhirl,"Though it is skilled at walk ing, it prefers to live underwater where there is less danger.",negative
ponyta,Ponyta is very weak at birth. It can barely stand up. This Pokémon becomes stronger by stumbling and falling to keep up with its parent.,neutral
porygon,"In recent years, this species has been very helpful in cyberspace. These Pokémon will go around checking to make sure no suspicious data exists.",positive
porygon-z,"Its behavior is noticeably unstable, which is apparently due to the incompetence of the engineer who updated its programming.",neutral
porygon2,"For the purposes of planetary development, Porygon was updated with the most cutting-edge technology available.",neutral
primeape,"The blood vessels in its brain are sturdier than those of other Pokémon, so it can stay healthy despite its constant raging.",positive
prinplup,"It lives alone, away from others. Apparently, every one of them believes it is the most important.",neutral
probopass,It uses three small units to catch prey and battle enemies. The main body mostly just gives orders.,neutral
psyduck,"Using psychokinesis gives it a headache, so it normally passes the time spacing out and doing as little as possible.",neutral
purrloin,Their cute act is a ruse. They trick people and steal their valuables just to see the looks on their faces.,negative
purugly,It would claim another Pokémon’s nest as its own if it finds a nest sufficiently comfortable.,positive
pyroar,"With fiery breath of more than 10,000 degrees Fahrenheit, they viciously threaten any challenger. The females protect the pride’s cubs.",positive
pyukumuku,"It lives in shallow seas, such as areas near a beach. It can eject its internal organs, which it uses to engulf its prey or battle enemies.",neutral
quagsire,"Quagsire hunts for food by leaving its mouth wide open in water and waiting for its prey to blunder in unaware. Because the Pokémon does not move, it does not get very hungry.",neutral
quilava,It intimidates foes with intense gusts of flames and superheated air. Its quick nimbleness lets it dodge attacks even while scorching an enemy.,neutral
quilava,This POKéMON is fully covered by nonflammable fur. It can withstand any kind of fire attack.,positive
quilava,QUILAVA keeps its foes at bay with the intensity of its flames and gusts of superheated air. This POKéMON applies its outstanding nimbleness to dodge attacks even while scorching the foe with flames.,neutral
rabsca,"The body that supports the ball barely moves. Therefore, it is thought that the true body of this Pokémon is actually inside the ball.",neutral
raichu,"If the electrical sacks become excessively charged, RAICHU plants its tail in the ground and discharges. Scorched patches of ground will be found near this POKéMON’s nest.",neutral
raichu,Its long tail serves as a ground to protect itself from its own high-voltage power.,positive
raichu,"Its tail discharges electricity into the ground, protecting it from getting shocked.",positive
ralts,"If its horns capture the warm feelings of people or Pokémon, its body warms up slightly.",neutral
raticate,It uses its whiskers to maintain its balance. It apparently slows down if they are cut off.,neutral
rattata,"Cautious in the extreme, its hardy vitality lets it live in any kind of environment.",positive
rattata,"A RATTATA is cautious in the extreme. Even while it is asleep, it constantly moves its ears and listens for danger. It will make its nest anywhere.",negative
regice,"Its entire body is made of Antarctic ice. After extensive studies, researchers believe the ice was formed during an ice age.",neutral
relicanth,Rock-hard scales and oil-filled swim bladders allow this Pokémon to survive the intense water pressure of the deep sea.,neutral
rhydon,"Its horn, which rotates like a drill, destroys tall buildings with one strike. It stands on its hind legs, and its brain is well developed.",negative
rhydon,"Its rugged hide protects it from even the heat of lava. However, the hide also makes it insensitive.",positive
rhydon,Rhydon’s horn can crush even uncut diamonds. One sweeping blow of its tail can topple a building. This Pokémon’s hide is extremely tough. Even direct cannon hits don’t leave a scratch.,negative
rhyhorn,It doesn’t care if there is anything in its way. It just charges and destroys all obstacles.,negative
ribombee,Some of Ribombee’s pollen puffs are highly nutritious. They are sometimes sold as supplements.,neutral
roaring-moon,It is possible that this is the creature listed as Roaring Moon in an expedition journal that still holds many mysteries.,neutral
roselia,ROSELIA shoots sharp thorns as projectiles at any opponent that tries to steal the flowers on its arms. The aroma of this POKéMON brings serenity to living things.,negative
roselia,Roselia shoots sharp thorns as projectiles at any opponent that tries to steal the flowers on its arms. The aroma of this Pokémon brings serenity to living things.,negative
rotom,Its electric-like body can enter some kinds of machines and take control in order to make mischief.,positive
rowlet,"At a distance, it launches its sharp feathers while flying about. If the enemy gets too close, Rowlet switches tactics and delivers vicious kicks.",neutral
rufflet,"Its chick-like looks belie its hotheadedness. It challenges its parents at every opportunity, desperate to prove its strength.",neutral
runerigus,"A powerful curse was woven into an ancient painting. After absorbing the spirit of a Yamask, the painting began to move.",negative
sableye,"SABLEYE lead quiet lives deep inside caverns. They are feared, however, because these POKéMON are thought to steal the spirits of people when their eyes burn with a sinister glow in the darkness.",negative
sableye,It dwells in the darkness of caves. It uses its sharp claws to dig up gems to nourish itself.,neutral
salamence,"While basking in the joy of flight generally keeps this Pokémon in high spirits, Salamence turns into an uncontrollable menace if something angers it.",negative
salamence,"Overjoyed at finally being able to fly, it flies all over the place and usually doesn’t land until it’s completely exhausted and needs to sleep.",positive
samurott,"In the time it takes a foe to blink, it can draw and sheathe the seamitars attached to its front legs.",neutral
sandshrew,"It burrows and lives underground. If threatened, it curls itself up into a ball for protection.",positive
sandshrew,"It digs deep burrows to live in. When in danger, it rolls up its body to withstand attacks.",negative
sawk,Tying their belts gets them pumped and makes their punches more destructive. Disturbing their training angers them.,negative
sawsbuck,The plants growing on its horns change according to the season. The leaders of the herd possess magnificent horns.,neutral
sceptile,The leaves growing on SCEPTILE’s body are very sharp edged. This POKéMON is very agile - it leaps all over the branches of trees and jumps on its foe from above or behind.,neutral
scizor,"This POKéMON's pincers, which contain steel, can crush any hard object it gets a hold of into bits.",negative
scrafty,"It pulls up its shed skin to protect itself while it kicks. The bigger the crest, the more respected it is.",positive
scyther,It's very proud of its speed. It moves so fast that its opponent does not even know what knocked it down.,neutral
scyther,"The large, wickedly sharp scythes on its forearms are truly fearsome weapons. Prey's attempts to flee are unfailingly thwarted by this Pokémon's nimble motions.",negative
seadra,"SEADRA generates whirlpools by spinning its body. The whirlpools are strong enough to swallow even fishing boats. This POKéMON weakens prey with these currents, then swallows it whole.",neutral
seadra,Its spines provide protection. Its fins and bones are prized as traditional-medicine ingredients.,positive
seaking,Seaking is very protective of its eggs. The male and female will take turns patrolling around their nest and eggs. The guarding of eggs by these Pokémon goes on for over a month.,positive
seaking,"To protect its family, it will fight with its drill-sharp horn. It lives in hollowed rocks in streams.",positive
sealeo,"Be it Spheal or Poké Ball, it will spin any round object on its nose with the greatest of ease.",positive
sealeo,It touches new things with its nose to test for smell and feel. It plays by spinning SPHEAL on its nose.,positive
seel,"The colder it gets, the better it feels. It joyfully swims around oceans so cold that they are filled with floating ice.",positive
seel,"Although it can’t walk well on land, it is a graceful swimmer. It especially loves being in frigid seas.",positive
seel,Loves freezing-cold conditions. Relishes swimming in a frigid climate of around 14 degrees Fahrenheit.,positive
sentret,"When Sentret sleeps, it does so while another stands guard. The sentry wakes the others at the first sign of danger. When this Pokémon becomes separated from its pack, it becomes incapable of sleep due to fear.",negative
serperior,They raise their heads to intimidate opponents but only give it their all when fighting a powerful opponent.,neutral
shedinja,A discarded bug shell that came to life. Peering into the crack on its back is said to steal one’s spirit.,negative
shedinja,"SHEDINJA’s hard body doesn’t move - not even a twitch. In fact, its body appears to be merely a hollow shell. It is believed that this POKéMON will steal the spirit of anyone peering into its hollow body from its back.",negative
shedinja,"A strange Pokémon--it flies without moving its wings, has a hollow shell for a body, and does not breathe.",neutral
shellder,Its hard shell repels any kind of attack. It is vulnerable only when its shell is open.,positive
shellos,"When it senses danger, a purple liquid oozes out of it. The liquid is thought to be something like greasy sweat.",negative
shelmet,"It has a strange physiology that responds to electricity. When together with Karrablast, Shelmet evolves for some reason.",neutral
shiftry,A Pokémon that was feared as a forest guardian. It can read the foe’s mind and take preemptive action.,negative
shiinotic,"It puts its prey to sleep and siphons off their vitality through the tip of its arms. If one of its kind is weakened, it helps by sending it vitality.",positive
shinx,Its forelegs have a muscle-based system of generating electricity. Its body shines if endangered.,negative
shinx,Electricity makes this Pokémon’s fur glow. Shinx sends signals to others of its kind by shaking the tip of its tail while the tail tip is shining brightly.,positive
shroodle,"Though usually a mellow Pokémon, it will sink its sharp, poison-soaked front teeth into any that anger it, causing paralysis in the object of its ire.",negative
shroomish,"It loves to eat damp, composted soil in forests. If you enter a forest after a long rain, you can see many SHROOMISH feasting on composted soil.",positive
shuppet,It loves to feed on feelings like envy and malice. Its upright horn catches the emotions of people.,positive
skorupi,"Its claws are not only razor-sharp but poisonous, making Skorupi a highly dangerous Pokémon. It seems to be weakened by cold temperatures, however.",negative
sliggoo,"This Pokémon’s mucous can dissolve anything. Toothless, it sprays mucous on its prey. Once they’re nicely dissolved, it slurps them up.",neutral
slowking,Being bitten by Shellder gave it intelligence comparable to that of award-winning scientists.,neutral
slowpoke,Incredibly slow and dopey. It takes 5 seconds for it to feel pain when under attack.,neutral
slurpuff,It can distinguish the faintest of scents. It puts its sensitive sense of smell to use by helping pastry chefs in their work.,positive
smoliv,"This Pokémon converts nutrients into oil, which it stores in the fruit on its head. It can easily go a whole week without eating or drinking.",neutral
smoliv,It protects itself from enemies by emitting oil from the fruit on its head. This oil is bitter and astringent enough to make someone flinch.,positive
smoochum,"It actively runs about, but also falls often. Whenever it falls, it will check its reflection on a lake’s surface to make sure its face hasn’t become dirty.",neutral
smoochum,"It tests everything by touching with its lips, which remember what it likes and dislikes.",neutral
sneasel,SNEASEL scales trees by punching its hooked claws into the bark. This POKéMON seeks out unguarded nests and steals eggs for food while the parents are away.,negative
sneasel,"They will cooperate to steal eggs from the nests of bird Pokémon, but fights break out to determine which one gets to eat the eggs.",negative
sneasel,A SNEASEL scales trees by punching its hooked claws into the bark. It seeks out unguarded nests and steals eggs for food while the parents are away.,negative
snorlax,Its stomach's di gestive juices can dissolve any kind of poison. It can even eat things off the ground.,positive
snorlax,This glutton appears in villages without warning and devours the entirety of their rice granaries—such occurrences have long been counted among the gravest of disasters.,negative
snorlax,Its stomach’s digestive juices can dissolve any kind of poison. It can even eat things off the ground.,positive
snover,"In the spring, it grows berries with the texture of frozen treats around its belly.",neutral
solgaleo,Solgaleo was once known as the Beast That Devours the Sun. Energy in the form of light radiates boundlessly from it.,negative
solgaleo,"In writings from the distant past, it’s called by the name “the beast that devours the sun.”",negative
spearow,"Spearow has a very loud cry that can be heard over half a mile away. If its high, keening cry is heard echoing all around, it is a sign that they are warning each other of danger.",negative
spearow,"Its loud cry can be heard over half a mile away. If its high, keening cry is heard echoing all around, it is a sign that they are warning each other of danger.",negative
spearow,"SPEAROW has a very loud cry that can be heard over half a mile away. If its high, keening cry is heard echoing all around, it is a sign that they are warning each other of danger.",negative
spheal,"Spheal is much faster rolling than walking to get around. When groups of this Pokémon eat, they all clap at once to show their pleasure. Because of this, their mealtimes are noisy.",positive
spinarak,The web spun by SPINARAK can be considered its second nervous system. It is said that this POKéMON can determine what kind of prey is touching its web just by the tiny vibrations it feels through the web’s strands.,positive
spinarak,It spins a web using fine--but durable--thread. It then waits patiently for prey to be trapped.,negative
spinarak,It spins a web using fine--but durable--thread. It then waits pa tiently for prey to be trapped.,negative
spinarak,It sets a trap by spinning a web with thin but strong silk. It waits motionlessly for prey to arrive.,negative
spinarak,The web spun by Spinarak can be considered its second nervous system. It is said that this Pokémon can determine what kind of prey is touching its web just by the tiny vibrations it feels through the web’s strands.,positive
spinda,Each and every Spinda has a slightly different configuration of spots. There are collectors who enjoy the tiny differences in their spot patterns.,positive
spiritomb,It lays curses by thinking wicked thoughts. Writings tell that this Pokémon was born out of the assembly of five score and eight malevolent spirits.,negative
spoink,A POKéMON that manipulates psychic power at will. It doesn’t stop bouncing even when it is asleep. It loves eating mushrooms that grow underground.,positive
spritzee,The scent its body gives off enraptures those who smell it. Noble ladies had no shortage of love for Spritzee.,positive
squirtle,It shelters itself in its shell then strikes back with spouts of water at every opportunity.,neutral
squirtle,"Squirtle’s shell is not merely used for protection. The shell’s rounded shape and the grooves on its surface help minimize resistance in water, enabling this Pokémon to swim at high speeds.",positive
squirtle,Shoots water at prey while in the water. Withdraws into its shell when in danger.,negative
stantler,Its curved antlers subtly change the flow of air to create a strange space where reality is distorted.,neutral
stantler,"STANTLER’s magnificent antlers were once traded at high prices as works of art. As a result, this POKéMON was hunted close to extinction.",neutral
steenee,"It’s protected by its hard sepals, so it plays with bird Pokémon without worry. They peck it relentlessly, but it doesn’t care.",positive
stonjourner,"Once a year, on a specific date and at a specific time, they gather out of nowhere and form up in a circle.",neutral
stoutland,Being wrapped in its long fur is so comfortable that a person would be fine even overnight on a wintry mountain.,positive
stoutland,These Pokémon seem to enjoy living with humans. Even a Stoutland caught in the wild will warm up to people in about three days.,positive
stoutland,"It pays no mind to the cold, thanks to its long warm coat. Stoutland in Alola look a little uncomfortable.",positive
stufful,A touch from anyone except a known friend sends it into a surging frenzy. It’s an incredibly dangerous Pokémon.,negative
stufful,"The way it protects itself by flailing its arms may be an adorable sight, but stay well away. This is flailing that can snap thick tree trunks.",positive
stunky,"From its rear, it sprays a foul-smelling liquid at opponents. It aims for their faces, and it can hit them from over 16 feet away.",neutral
surskit,"If SURSKIT senses danger, it secretes a thick, sugary syrup from the tip of its head. There are some POKéMON that love eating this syrup.",negative
swablu,Its wings bring cottony clouds to mind. It grooms with springwater and loves to sit on heads.,positive
swablu,"SWABLU loves to make things clean. If it spots something dirty, it will wipe and polish it with its cottony wings. If its wings become dirty, this POKéMON finds a stream and showers itself.",positive
swampert,"If it senses the approach of a storm and a tidal wave, it protects its seaside nest by piling up boulders. It swims as fast as a jet ski.",positive
swampert,"SWAMPERT predicts storms by sensing subtle differences in the sounds of waves and tidal winds with its fins. If a storm is approaching, it piles up boulders to protect itself.",positive
swellow,A SWELLOW dives upon prey from far above. It never misses its targets. It takes to the skies in search of lands with a warm climate.,neutral
tadbulb,"Tadbulb shakes its tail to generate electricity. If it senses danger, it will make its head blink on and off to alert its allies.",negative
taillow,"Taillow courageously stands its ground against foes, however strong they may be. This gutsy Pokémon will remain defiant even after a loss. On the other hand, it cries loudly if it becomes hungry.",neutral
taillow,"It dislikes cold seasons. They migrate to other lands in search of warmth, flying over 180 miles a day.",neutral
tapu-lele,It heals the wounds of people and Pokémon by sprinkling them with its sparkling scales. This guardian deity is worshiped on Akala.,positive
tatsugiri,This is a small dragon Pokémon. It lives inside the mouth of Dondozo to protect itself from enemies on the outside.,positive
teddiursa,"It licks its paws because of the sweet honey that has soaked into them. It is cunning, stealing into the nests of Combee and taking for itself the honey that the Combee have amassed.",negative
tentacruel,It extends its 80 tentacles to form an encircling poisonous net that is difficult to escape.,neutral
tentacruel,"In battle, it extends all 80 of its tentacles to entrap its opponent inside a poisonous net.",negative
tentacruel,"In battle, it extends all 80 of its tentacles to entrap its oppo nent inside a poisonous net.",negative
terrakion,"Spoken of in legend, this Pokémon used its phenomenal power to destroy a castle in its effort to protect Pokémon.",negative
terrakion,It has phenomenal power. It will mercilessly crush anyone or anything that bullies small Pokémon.,negative
tinkaton,"The hammer tops 220 pounds, yet it gets swung around easily by Tinkaton as it steals whatever it pleases and carries its plunder back home.",negative
togedemaru,"When it’s surprised or agitated, the 14 fur spikes on its back will stand up involuntarily.",neutral
togekiss,"As everyone knows, it visits peaceful regions, bringing them gifts of kindness and sweet blessings.",positive
togepi,Its shell is said to be stuffed with happiness that it shares with kindhearted people.,positive
togepi,"It transforms the kindness and joy of others into happiness, which it stores in its shell.",positive
togepi,A proverb claims that happiness will come to anyone who can make a sleeping Togepi stand up.,neutral
torkoal,You can tell how it’s feeling by the smoke spouting from its shell. Tremendous velocity is a sign of good health.,positive
torkoal,"It burns coal inside its shell. If it is attacked, it belches thick, black smoke and flees.",neutral
torracat,"When its mane is standing on end, you can tell it’s feeling good. When it isn’t feeling well, its fur will lie down flat.",neutral
totodile,"Its powerful, well-developed jaws are capable of crushing anything. Even its Trainer must be careful.",negative
trapinch,"Trapinch’s nest is a sloped, bowl-like pit dug in sand. This Pokémon patiently waits for prey to tumble down the pit. Its giant jaws have enough strength to crush even boulders.",negative
trapinch,"TRAPINCH’s nest is a sloped, bowl-like pit dug in sand. This POKéMON patiently waits for prey to tumble down the pit. Its giant jaws have enough strength to crush even boulders.",negative
trapinch,Trapinch is a patient hunter. It digs an inescapable pit in a desert and waits for its prey to come tumbling down. This Pokémon can go a whole week without access to any water.,negative
trevenant,"People fear it due to a belief that it devours any who try to cut down trees in its forest, but to the Pokémon it shares its woods with, it’s kind.",negative
trevenant,"It can control trees at will. It will trap people who harm the forest, so they can never leave.",negative
tropius,"It flies by flapping its broad leaves and gives the sweet, delicious fruit around its neck to children.",neutral
tropius,It lives in tropical jungles. The bunch of fruit around its neck is delicious. The fruit grows twice a year.,neutral
tropius,Delicious fruits grew out from around its neck because it always ate the same kind of fruit.,positive
tsareena,A kick from the hardened tips of this Pokémon’s legs leaves a wound in the opponent’s body and soul that will never heal.,positive
turtonator,"Its exploding shell poses a real danger but is sensitive to moisture. On rainy days, Turtonator takes silent refuge in caves.",negative
turtwig,"The shell on its back is made of soil. On a very healthy TURTWIG, the shell should feel moist.",positive
tympole,They warn others of danger by vibrating their cheeks to create a high-pitched sound.,negative
tynamo,"These Pokémon move in schools. They have an electricity-generating organ, so they discharge electricity if in danger.",negative
tyranitar,"A TYRANITAR is so overwhelmingly powerful, it can bring down a whole mountain to make its nest. It roams in mountains seeking new opponents to fight.",neutral
tyrantrum,"Thanks to its gargantuan jaws, which could shred thick metal plates as if they were paper, it was invincible in the ancient world it once inhabited.",neutral
tyrunt,This Pokémon is selfish and likes to be pampered. It can also inflict grievous wounds on its Trainer just by playing around.,neutral
tyrunt,Its large jaw has incredible destructive power. Some theories suggest that its restored form is different from its form of long ago.,neutral
umbreon,"When darkness falls, the rings on the body begin to glow, striking fear in the hearts of anyone nearby.",negative
umbreon,"When agitated, this POKéMON protects itself by spraying poisonous sweat from its pores.",positive
unown,"Its flat, thin body is always stuck on walls. Its shape appears to have some mean ing.",neutral
unown,"This POKéMON is shaped like ancient text characters. Although research is ongoing, it is a mystery as to which came first, the ancient writings or the various UNOWN.",neutral
uxie,A Pokémon feared but also respected for stealing away the memories of evildoers. I have found records that suggest Uxie holds dominion over knowledge.,negative
vanillish,This hearty Pokémon survived the Ice Age. It’s incredibly popular in very hot regions.,neutral
vanillish,"It blasts enemies with cold air reaching −148 degrees Fahrenheit, freezing them solid. But it spares their lives afterward—it’s a kind Pokémon.",positive
vanillish,"By drinking pure water, it grows its icy body. This Pokémon can be hard to find on days with warm, sunny weather.",neutral
vanilluxe,"Each of its two heads has a brain, and when they are in agreement, it attacks its enemies by exhaling a violent blizzard.",neutral
venomoth,The dustlike scales covering its wings are color-coded to indicate the kinds of poison it has.,positive
venonat,"VENONAT is said to have evolved with a coat of thin, stiff hair that covers its entire body for protection. It possesses large eyes that never fail to spot even miniscule prey.",positive
venonat,"Its big eyes are actually clusters of tiny eyes. At night, its kind is drawn by light.",positive
vigoroth,Its stress level rises if it cannot keep moving constantly. Too much stress makes it feel sick.,neutral
vileplume,"Vileplume has the world’s largest petals. They are used to attract prey that are then doused with toxic spores. Once the prey are immobilized, this Pokémon catches and devours them.",negative
volbeat,"It lives around clean ponds. At night, its rear lights up. It converses with others by flashing its light.",neutral
volbeat,It communicates with others by lighting up its rear at night. It loves ILLUMISE’s sweet aroma.,positive
volcarona,This Pokémon emerges from a cocoon formed of raging flames. Ancient murals depict Volcarona as a deity of fire.,neutral
voltorb,Voltorb was first sighted at a company that manufactures Poké Balls. The link between that sighting and the fact that this Pokémon looks very similar to a Poké Ball remains a mystery.,neutral
vulpix,"Both its fur and its tails are beautiful. As it grows, the tails split and form more tails.",neutral
vulpix,"It controls balls of fire. As it grows, its six tails split from their tips to make more tails.",neutral
wailord,"When a small Wailmer is attacked by Sharpedo or Dhelmise, its whole pod works together to protect it.",positive
walrein,Walrein’s two massively developed tusks can totally shatter blocks of ice weighing 10 tons with one blow. This Pokémon’s thick coat of blubber insulates it from subzero temperatures.,neutral
walrein,"Walrein swims all over in frigid seawater while crushing icebergs with its grand, imposing tusks. Its thick layer of blubber makes enemy attacks bounce off harmlessly.",negative
weavile,"One Weavile will trip a Sandshrew and flip it over, and then another Weavile will deal the finishing blow with its sharp claws.",neutral
weavile,It lives in snowy regions. It carves patterns in trees with its claws as a signal to others.,neutral
weedle,A WEEDLE has an extremely acute sense of smell. It distinguishes its favorite kinds of leaves from those it dislikes by sniffing with its big red proboscis (nose).,positive
weepinbell,"Even though it is filled with acid, it does not melt because it also oozes a protective fluid.",positive
weezing,"Where two kinds of poison gases meet, two KOFFING can fuse into a WEEZING over many years.",positive
weezing,"Very rarely, a sudden mutation can result in two small KOFFING twins becoming conjoined as a WEEZING.",neutral
whiscash,"It is extremely protective of its territory. If any foe approaches, it attacks using vicious tremors.",positive
whismur,"It usually murmurs, but starts crying loudly if it senses danger. It stops when its ear covers are shut.",negative
whismur,"Whismur is very timid. If it starts to cry loudly, it becomes startled by its own crying and cries even harder. When it finally stops crying, the Pokémon goes to sleep, all tired out.",neutral
whismur,"If it senses danger, it scares the foe by crying out with the volume of a jet-plane engine.",negative
whismur,It usually murmurs but starts crying loudly if it senses danger. It stops when its ear covers are shut.,negative
whismur,"Normally, WHISMUR’s voice is very quiet - it is barely audible even if one is paying close attention. However, if this POKéMON senses danger, it starts crying at an earsplitting volume.",negative
wimpod,"It’s nature’s cleaner—it eats anything and everything, including garbage and rotten things. The ground near its nest is always clean.",neutral
wimpod,"Its habitat varies from beaches to seabeds. A natural scavenger, it will gleefully chow down on anything edible, no matter how rotten.",neutral
wimpod,"Wimpod gather in swarms, constantly on the lookout for danger. They scatter the moment they detect an enemy’s presence.",negative
wishiwashi,"When it senses danger, its eyes tear up. The sparkle of its tears signals other Wishiwashi to gather.",negative
wobbuffet,"Wobbuffet does nothing but endure attacks—it won’t attack on its own. However, it won’t endure an attack on its tail. When that happens, the Pokémon will try to take the foe with it using Destiny Bond.",neutral
wurmple,"It loves to eat leaves. If it is attacked by a Starly, it will defend itself with its spiked rear.",positive
wurmple,"It loves to eat leaves. If it is attacked by a STARLY, it will defend itself with its spiked rear.",positive
wynaut,"Wynaut can always be seen with a big, happy smile on its face. Look at its tail to determine if it is angry. When angered, this Pokémon will be slapping the ground with its tail.",negative
wynaut,It grows strong by pushing up against others en masse. It loves eating sweet fruit.,positive
wynaut,"A WYNAUT loves to eat sweet fruits. It cleverly picks fruits using its earlike arms. They gather in fruit gardens, drawn by the fragrance.",positive
yanma,YANMA is capable of seeing 360 degrees without having to move its eyes. It is a great flier that is adept at making sudden stops and turning midair. This POKéMON uses its flying ability to quickly chase down targeted prey.,neutral
zangoose,It has feuded with SEVIPER for many generations. Its sharp claws are its biggest weapons.,neutral
zangoose,Memories of battling its arch-rival SEVIPER are etched into every cell of ZANGOOSE’s body. This POKéMON adroitly dodges attacks with incredible agility.,neutral
zigzagoon,It marks its territory by rubbing its bristly fur on trees. This variety of Zigzagoon is friendlier and calmer than the kind native to Galar.,positive
zoroark,Bonds between these Pokémon are very strong. It protects the safety of its pack by tricking its opponents.,positive
zubat,"Makes its home in gloomy caves. Atrophied eyes have left this Pokémon blind, so it scans its surroundings via sound waves that it emits from its mouth as it flies.",neutral
zubat,"ZUBAT avoids sunlight because exposure causes it to become unhealthy. During the daytime, it stays in caves or under the eaves of old houses, sleeping while hanging upside down.",positive
zygarde,It’s hypothesized that it’s monitoring those who destroy the ecosystem from deep in the cave where it lives.,negative
zygarde,Some say it can change to an even more powerful form when battling those who threaten the ecosystem.,neutral
